# Every container image this pipeline needs, one row per image.
# GENERATED by tools/container_manifest.py -- do not edit by hand.
# Regenerate after any module add, remove or container bump.
singularity_uri	docker_uri	conda	modules
https://community-cr-prod.seqera.io/docker/registry/v2/blobs/sha256/40/402afbbc9596451ab73b39e8237d3947f1d8bb157f2e1f4ef792f9f391442d7a/data	community.wave.seqera.io/library/python_pip_sopastardist:4f516e0324df2083	python=3.12,pip=24.3.1,pip:,sopa[stardist]==2.2.9	modules/local/patch_segmentation_stardist,modules/local/resolve_stardist
https://community-cr-prod.seqera.io/docker/registry/v2/blobs/sha256/70/707825bb6afa202806406063665a361b2a4a2fc6d6f802132359407408826ffe/data	community.wave.seqera.io/library/python_sopa:54a97bc5a187152d	python=3.12,sopa=2.2.9	modules/local/aggregate,modules/local/fluo_annotation,modules/local/make_image_patches,modules/local/merge_spatialdata,modules/local/report,modules/local/set_channel_names,modules/local/tissue_segmentation,modules/local/to_spatialdata
https://community-cr-prod.seqera.io/docker/registry/v2/blobs/sha256/dd/ddb10de13a50dbdcf1c3ae8ea94710e64fa8a0813921548fac9ef3d02fe54604/data	community.wave.seqera.io/library/python_sopa_cellpose:64ef6bc9b8f69b5e	python=3.12,sopa=2.2.9,cellpose=3.1.1.3	modules/local/patch_segmentation_cellpose,modules/local/resolve_cellpose
	docker.io/labsyspharm/basicpy-docker-mcmicro:1.2.0-patch5		modules/nf-core/basicpy
	docker.io/labsyspharm/unetcoreograph:2.4.6		modules/nf-core/coreograph
	ghcr.io/schapirolabor/background_subtraction:v0.5.1	dask-image=2024.5.3,dask=2025.7.0,loguru=0.7.3,numpy=2.3.2,ome-types=0.6.0,pandas=2.3.1,python=3.12.11,scikit-image=0.25.2,tifffile=2025.6.11,zarr=3.1.1,pip=25.3,pip:,backsub==0.5.1	modules/nf-core/backsub
https://depot.galaxyproject.org/singularity/ashlar:1.19.0--pyhdfd78af_0	quay.io/biocontainers/ashlar:1.19.0--pyhdfd78af_0	bioconda::ashlar=1.19.0,tifffile=2024.9.20	modules/nf-core/ashlar
