channel_number,cycle_number,marker_name,filter,excitation_wavelength,emission_wavelength,background,exposure,remove
1,1,DNA_1,DAPI,395,431,,1,false
2,1,AF488,FITC,485,525,A488_background,1,false
3,1,AF555,Sytox,555,590,A555_background,1,false
4,1,AF647,Cy5,640,690,A647_background,1,false
5,2,DNA_2,DAPI,395,431,,1,false
6,2,A488_background,FITC,485,525,,1,true
7,2,A555_background,Sytox,555,590,,1,true
8,2,A647_background,Cy5,640,690,,1,true
9,3,DNA_3,DAPI,395,431,,1,false
10,3,FDX1,FITC,485,525,A488_background,1,false
11,3,CD357,Sytox,555,590,A555_background,1,false
12,3,CD1D,Cy5,640,690,A647_background,1,false
13,4,DNA_4,DAPI,395,431,,1,false
14,4,CD163,FITC,485,525,A488_background,1,false
15,4,CD3D,Sytox,555,590,A555_background,1,false
16,4,CD31,Cy5,640,690,A647_background,1,false
17,5,DNA_5,DAPI,395,431,,1,false
18,5,LDH,FITC,485,525,A488_background,1,false
19,5,CD66B,Sytox,555,590,A555_background,1,false
20,5,VDAC1,Cy5,640,690,A647_background,1,false
21,6,DNA_6,DAPI,395,431,,1,false
22,6,ELANE,FITC,485,525,A488_background,1,false
23,6,CD57,Sytox,555,590,A555_background,1,false
24,6,CD45,Cy5,640,690,A647_background,1,false
25,7,DNA_7,DAPI,395,431,,1,false
26,7,CD11B,FITC,485,525,A488_background,1,false
27,7,SMA,Sytox,555,590,A555_background,1,false
28,7,CD16,Cy5,640,690,A647_background,1,false
29,8,DNA_8,DAPI,395,431,,1,false
30,8,ECAD,FITC,485,525,A488_background,1,false
31,8,FOXP3,Sytox,555,590,A555_background,1,false
32,8,NCAM,Cy5,640,690,A647_background,1,false
33,9,DNA_9,DAPI,395,431,,1,false
34,9,CD4,FITC,485,525,A488_background,1,false
35,9,KERATIN,Sytox,555,590,A555_background,1,false
36,9,CD14,Cy5,640,690,A647_background,1,false
37,10,DNA_10,DAPI,395,431,,1,false
38,10,IBA1,FITC,485,525,A488_background,1,false
39,10,CD1B,Sytox,555,590,A555_background,1,false
40,10,CD8A,Cy5,640,690,A647_background,1,false
