sample,cycle_number,image_tiles,dfp,ffp
exemplar-002,1,/Users/jnimoca/Jose_BI/2_Infrastructure/PY40_SOPA_expansion_idea/datasets/exemplar-002/raw/exemplar-002-cycle-01.ome.tiff,/Users/jnimoca/Jose_BI/2_Infrastructure/PY40_SOPA_expansion_idea/datasets/exemplar-002/illumination/exemplar-002-cycle-01-dfp.tif,/Users/jnimoca/Jose_BI/2_Infrastructure/PY40_SOPA_expansion_idea/datasets/exemplar-002/illumination/exemplar-002-cycle-01-ffp.tif
exemplar-002,2,/Users/jnimoca/Jose_BI/2_Infrastructure/PY40_SOPA_expansion_idea/datasets/exemplar-002/raw/exemplar-002-cycle-02.ome.tiff,/Users/jnimoca/Jose_BI/2_Infrastructure/PY40_SOPA_expansion_idea/datasets/exemplar-002/illumination/exemplar-002-cycle-02-dfp.tif,/Users/jnimoca/Jose_BI/2_Infrastructure/PY40_SOPA_expansion_idea/datasets/exemplar-002/illumination/exemplar-002-cycle-02-ffp.tif
exemplar-002,3,/Users/jnimoca/Jose_BI/2_Infrastructure/PY40_SOPA_expansion_idea/datasets/exemplar-002/raw/exemplar-002-cycle-03.ome.tiff,/Users/jnimoca/Jose_BI/2_Infrastructure/PY40_SOPA_expansion_idea/datasets/exemplar-002/illumination/exemplar-002-cycle-03-dfp.tif,/Users/jnimoca/Jose_BI/2_Infrastructure/PY40_SOPA_expansion_idea/datasets/exemplar-002/illumination/exemplar-002-cycle-03-ffp.tif
exemplar-002,4,/Users/jnimoca/Jose_BI/2_Infrastructure/PY40_SOPA_expansion_idea/datasets/exemplar-002/raw/exemplar-002-cycle-04.ome.tiff,/Users/jnimoca/Jose_BI/2_Infrastructure/PY40_SOPA_expansion_idea/datasets/exemplar-002/illumination/exemplar-002-cycle-04-dfp.tif,/Users/jnimoca/Jose_BI/2_Infrastructure/PY40_SOPA_expansion_idea/datasets/exemplar-002/illumination/exemplar-002-cycle-04-ffp.tif
exemplar-002,5,/Users/jnimoca/Jose_BI/2_Infrastructure/PY40_SOPA_expansion_idea/datasets/exemplar-002/raw/exemplar-002-cycle-05.ome.tiff,/Users/jnimoca/Jose_BI/2_Infrastructure/PY40_SOPA_expansion_idea/datasets/exemplar-002/illumination/exemplar-002-cycle-05-dfp.tif,/Users/jnimoca/Jose_BI/2_Infrastructure/PY40_SOPA_expansion_idea/datasets/exemplar-002/illumination/exemplar-002-cycle-05-ffp.tif
exemplar-002,6,/Users/jnimoca/Jose_BI/2_Infrastructure/PY40_SOPA_expansion_idea/datasets/exemplar-002/raw/exemplar-002-cycle-06.ome.tiff,/Users/jnimoca/Jose_BI/2_Infrastructure/PY40_SOPA_expansion_idea/datasets/exemplar-002/illumination/exemplar-002-cycle-06-dfp.tif,/Users/jnimoca/Jose_BI/2_Infrastructure/PY40_SOPA_expansion_idea/datasets/exemplar-002/illumination/exemplar-002-cycle-06-ffp.tif
exemplar-002,7,/Users/jnimoca/Jose_BI/2_Infrastructure/PY40_SOPA_expansion_idea/datasets/exemplar-002/raw/exemplar-002-cycle-07.ome.tiff,/Users/jnimoca/Jose_BI/2_Infrastructure/PY40_SOPA_expansion_idea/datasets/exemplar-002/illumination/exemplar-002-cycle-07-dfp.tif,/Users/jnimoca/Jose_BI/2_Infrastructure/PY40_SOPA_expansion_idea/datasets/exemplar-002/illumination/exemplar-002-cycle-07-ffp.tif
exemplar-002,8,/Users/jnimoca/Jose_BI/2_Infrastructure/PY40_SOPA_expansion_idea/datasets/exemplar-002/raw/exemplar-002-cycle-08.ome.tiff,/Users/jnimoca/Jose_BI/2_Infrastructure/PY40_SOPA_expansion_idea/datasets/exemplar-002/illumination/exemplar-002-cycle-08-dfp.tif,/Users/jnimoca/Jose_BI/2_Infrastructure/PY40_SOPA_expansion_idea/datasets/exemplar-002/illumination/exemplar-002-cycle-08-ffp.tif
exemplar-002,9,/Users/jnimoca/Jose_BI/2_Infrastructure/PY40_SOPA_expansion_idea/datasets/exemplar-002/raw/exemplar-002-cycle-09.ome.tiff,/Users/jnimoca/Jose_BI/2_Infrastructure/PY40_SOPA_expansion_idea/datasets/exemplar-002/illumination/exemplar-002-cycle-09-dfp.tif,/Users/jnimoca/Jose_BI/2_Infrastructure/PY40_SOPA_expansion_idea/datasets/exemplar-002/illumination/exemplar-002-cycle-09-ffp.tif
exemplar-002,10,/Users/jnimoca/Jose_BI/2_Infrastructure/PY40_SOPA_expansion_idea/datasets/exemplar-002/raw/exemplar-002-cycle-10.ome.tiff,/Users/jnimoca/Jose_BI/2_Infrastructure/PY40_SOPA_expansion_idea/datasets/exemplar-002/illumination/exemplar-002-cycle-10-dfp.tif,/Users/jnimoca/Jose_BI/2_Infrastructure/PY40_SOPA_expansion_idea/datasets/exemplar-002/illumination/exemplar-002-cycle-10-ffp.tif
